{
  "arm": "linear",
  "run": 6,
  "n_obs": 250,
  "n_iter": 100,
  "seed": 2026006,
  "theta_hat_unbound": [
    -1.0584287643432617,
    -3.0995938777923584,
    -0.1735875904560089,
    0.5554062724113464,
    1.0567264556884766,
    -0.6350977420806885
  ],
  "theta_hat_natural": [
    0.3470006019386517,
    0.04506750159069003,
    0.8406435155881703,
    0.5554062724113464,
    1.0567264556884766,
    -0.6350977420806885
  ],
  "abs_err_natural": [
    0.08060060193865165,
    0.004132498409309973,
    0.009643515588170337,
    0.11729372758865353,
    0.09222645568847654,
    0.3649022579193115
  ],
  "param_names": [
    "omega_c",
    "omega_b",
    "sigma_8",
    "h_0",
    "n_s",
    "w_0"
  ],
  "sigma8_abs_err": 0.009643515588170337,
  "mse_unbound": 0.48282116651535034,
  "wall_seconds": 507.66803193092346,
  "hyper": {
    "N_PROP": 25,
    "N_SIM_DST": 4,
    "sigma": 0.001,
    "lr": 0.01,
    "lamb": 1.0,
    "polyak_tail": 50
  }
}