{
  "arm": "linear",
  "run": 7,
  "n_obs": 250,
  "n_iter": 100,
  "seed": 2026007,
  "theta_hat_unbound": [
    -0.993267297744751,
    -3.049410343170166,
    -0.16388720273971558,
    0.5403611660003662,
    1.1042358875274658,
    -0.6048874258995056
  ],
  "theta_hat_natural": [
    0.37036462051334834,
    0.047386858139215046,
    0.8488377630545326,
    0.5403611660003662,
    1.1042358875274658,
    -0.6048874258995056
  ],
  "abs_err_natural": [
    0.10396462051334832,
    0.0018131418607849545,
    0.017837763054532663,
    0.13233883399963375,
    0.1397358875274658,
    0.3951125741004944
  ],
  "param_names": [
    "omega_c",
    "omega_b",
    "sigma_8",
    "h_0",
    "n_s",
    "w_0"
  ],
  "sigma8_abs_err": 0.017837763054532663,
  "mse_unbound": 0.5509787797927856,
  "wall_seconds": 506.85536789894104,
  "hyper": {
    "N_PROP": 25,
    "N_SIM_DST": 4,
    "sigma": 0.001,
    "lr": 0.01,
    "lamb": 1.0,
    "polyak_tail": 50
  }
}