{
  "arm": "linear",
  "run": 0,
  "n_obs": 250,
  "n_iter": 100,
  "seed": 2026000,
  "theta_hat_unbound": [
    -1.0638505220413208,
    -2.9518892765045166,
    -0.16080644726753235,
    0.5946929454803467,
    1.0769000053405762,
    -0.7865358591079712
  ],
  "theta_hat_natural": [
    0.34512433966968975,
    0.05224091512270871,
    0.8514568569605037,
    0.5946929454803467,
    1.0769000053405762,
    -0.7865358591079712
  ],
  "abs_err_natural": [
    0.07872433966968972,
    0.0030409151227087095,
    0.0204568569605037,
    0.07800705451965328,
    0.11240000534057615,
    0.2134641408920288
  ],
  "param_names": [
    "omega_c",
    "omega_b",
    "sigma_8",
    "h_0",
    "n_s",
    "w_0"
  ],
  "sigma8_abs_err": 0.0204568569605037,
  "mse_unbound": 0.3681115508079529,
  "wall_seconds": 532.7510137557983,
  "hyper": {
    "N_PROP": 25,
    "N_SIM_DST": 4,
    "sigma": 0.001,
    "lr": 0.01,
    "lamb": 1.0,
    "polyak_tail": 50
  }
}