{
  "arm": "linear",
  "run": 11,
  "n_obs": 250,
  "n_iter": 100,
  "seed": 2026011,
  "theta_hat_unbound": [
    -1.064104676246643,
    -3.2180545330047607,
    -0.16783426702022552,
    0.5640559792518616,
    1.0656380653381348,
    -0.7970110177993774
  ],
  "theta_hat_natural": [
    0.34503663601300233,
    0.04003286516863804,
    0.8454939493051309,
    0.5640559792518616,
    1.0656380653381348,
    -0.7970110177993774
  ],
  "abs_err_natural": [
    0.0786366360130023,
    0.009167134831361959,
    0.014493949305130926,
    0.10864402074813839,
    0.10113806533813474,
    0.20298898220062256
  ],
  "param_names": [
    "omega_c",
    "omega_b",
    "sigma_8",
    "h_0",
    "n_s",
    "w_0"
  ],
  "sigma8_abs_err": 0.014493949305130926,
  "mse_unbound": 0.41587501764297485,
  "wall_seconds": 507.69329714775085,
  "hyper": {
    "N_PROP": 25,
    "N_SIM_DST": 4,
    "sigma": 0.001,
    "lr": 0.01,
    "lamb": 1.0,
    "polyak_tail": 50
  }
}