{
  "arm": "linear",
  "run": 18,
  "n_obs": 250,
  "n_iter": 100,
  "seed": 2026018,
  "theta_hat_unbound": [
    -1.0785205364227295,
    -3.018099784851074,
    -0.17449027299880981,
    0.5723593235015869,
    1.0534682273864746,
    -0.6368700265884399
  ],
  "theta_hat_natural": [
    0.340098316694948,
    0.04889403933841327,
    0.8398850237521035,
    0.5723593235015869,
    1.0534682273864746,
    -0.6368700265884399
  ],
  "abs_err_natural": [
    0.07369831669494797,
    0.0003059606615867308,
    0.008885023752103538,
    0.10034067649841305,
    0.08896822738647459,
    0.36312997341156006
  ],
  "param_names": [
    "omega_c",
    "omega_b",
    "sigma_8",
    "h_0",
    "n_s",
    "w_0"
  ],
  "sigma8_abs_err": 0.008885023752103538,
  "mse_unbound": 0.4578756093978882,
  "wall_seconds": 507.75597310066223,
  "hyper": {
    "N_PROP": 25,
    "N_SIM_DST": 4,
    "sigma": 0.001,
    "lr": 0.01,
    "lamb": 1.0,
    "polyak_tail": 50
  }
}