{
  "arm": "linear",
  "run": 19,
  "n_obs": 250,
  "n_iter": 100,
  "seed": 2026019,
  "theta_hat_unbound": [
    -1.1048916578292847,
    -3.0710179805755615,
    -0.18421095609664917,
    0.5835544466972351,
    1.0298365354537964,
    -0.7116082906723022
  ],
  "theta_hat_natural": [
    0.3312467682918788,
    0.04637392306809211,
    0.8317603204071331,
    0.5835544466972351,
    1.0298365354537964,
    -0.7116082906723022
  ],
  "abs_err_natural": [
    0.0648467682918788,
    0.002826076931907888,
    0.0007603204071331415,
    0.08914555330276486,
    0.06533653545379636,
    0.28839170932769775
  ],
  "param_names": [
    "omega_c",
    "omega_b",
    "sigma_8",
    "h_0",
    "n_s",
    "w_0"
  ],
  "sigma8_abs_err": 0.0007603204071331415,
  "mse_unbound": 0.38255831599235535,
  "wall_seconds": 507.803462266922,
  "hyper": {
    "N_PROP": 25,
    "N_SIM_DST": 4,
    "sigma": 0.001,
    "lr": 0.01,
    "lamb": 1.0,
    "polyak_tail": 50
  }
}