{
  "arm": "linear",
  "run": 1,
  "n_obs": 250,
  "n_iter": 100,
  "seed": 2026001,
  "theta_hat_unbound": [
    -1.0618600845336914,
    -3.0324325561523438,
    -0.17378301918506622,
    0.5719960331916809,
    1.0906621217727661,
    -0.7216309905052185
  ],
  "theta_hat_natural": [
    0.3458119722179476,
    0.048198250457222945,
    0.8404792457463747,
    0.5719960331916809,
    1.0906621217727661,
    -0.7216309905052185
  ],
  "abs_err_natural": [
    0.0794119722179476,
    0.0010017495427770556,
    0.00947924574637471,
    0.10070396680831906,
    0.1261621217727661,
    0.2783690094947815
  ],
  "param_names": [
    "omega_c",
    "omega_b",
    "sigma_8",
    "h_0",
    "n_s",
    "w_0"
  ],
  "sigma8_abs_err": 0.00947924574637471,
  "mse_unbound": 0.41492903232574463,
  "wall_seconds": 520.8359129428864,
  "hyper": {
    "N_PROP": 25,
    "N_SIM_DST": 4,
    "sigma": 0.001,
    "lr": 0.01,
    "lamb": 1.0,
    "polyak_tail": 50
  }
}