{
  "arm": "linear",
  "run": 12,
  "n_obs": 250,
  "n_iter": 100,
  "seed": 2026012,
  "theta_hat_unbound": [
    -1.0904866456985474,
    -2.9499852657318115,
    -0.1779833734035492,
    0.5694143176078796,
    1.0743213891983032,
    -0.5777234435081482
  ],
  "theta_hat_natural": [
    0.33605291520190644,
    0.05234047714137821,
    0.8369563391083804,
    0.5694143176078796,
    1.0743213891983032,
    -0.5777234435081482
  ],
  "abs_err_natural": [
    0.06965291520190642,
    0.0031404771413782104,
    0.0059563391083804484,
    0.10328568239212033,
    0.1098213891983032,
    0.4222765564918518
  ],
  "param_names": [
    "omega_c",
    "omega_b",
    "sigma_8",
    "h_0",
    "n_s",
    "w_0"
  ],
  "sigma8_abs_err": 0.0059563391083804484,
  "mse_unbound": 0.5087976455688477,
  "wall_seconds": 505.43774914741516,
  "hyper": {
    "N_PROP": 25,
    "N_SIM_DST": 4,
    "sigma": 0.001,
    "lr": 0.01,
    "lamb": 1.0,
    "polyak_tail": 50
  }
}