{
  "arm": "linear",
  "run": 10,
  "n_obs": 250,
  "n_iter": 100,
  "seed": 2026010,
  "theta_hat_unbound": [
    -1.0243819952011108,
    -2.9637722969055176,
    -0.1640939861536026,
    0.5740334987640381,
    1.0618839263916016,
    -0.6631228923797607
  ],
  "theta_hat_natural": [
    0.3590182718750686,
    0.0516238090660507,
    0.8486622556306895,
    0.5740334987640381,
    1.0618839263916016,
    -0.6631228923797607
  ],
  "abs_err_natural": [
    0.09261827187506855,
    0.0024238090660506986,
    0.01766225563068957,
    0.09866650123596188,
    0.09738392639160154,
    0.33687710762023926
  ],
  "param_names": [
    "omega_c",
    "omega_b",
    "sigma_8",
    "h_0",
    "n_s",
    "w_0"
  ],
  "sigma8_abs_err": 0.01766225563068957,
  "mse_unbound": 0.4738006293773651,
  "wall_seconds": 505.49945282936096,
  "hyper": {
    "N_PROP": 25,
    "N_SIM_DST": 4,
    "sigma": 0.001,
    "lr": 0.01,
    "lamb": 1.0,
    "polyak_tail": 50
  }
}