{
  "arm": "linear",
  "run": 14,
  "n_obs": 250,
  "n_iter": 100,
  "seed": 2026014,
  "theta_hat_unbound": [
    -1.049493670463562,
    -2.9090070724487305,
    -0.1793370395898819,
    0.5708068609237671,
    1.079945683479309,
    -0.5898638963699341
  ],
  "theta_hat_natural": [
    0.350114977793717,
    0.05452984718509327,
    0.8358241460912814,
    0.5708068609237671,
    1.079945683479309,
    -0.5898638963699341
  ],
  "abs_err_natural": [
    0.08371497779371695,
    0.005329847185093273,
    0.004824146091281456,
    0.10189313907623287,
    0.11544568347930906,
    0.4101361036300659
  ],
  "param_names": [
    "omega_c",
    "omega_b",
    "sigma_8",
    "h_0",
    "n_s",
    "w_0"
  ],
  "sigma8_abs_err": 0.004824146091281456,
  "mse_unbound": 0.5265041589736938,
  "wall_seconds": 506.40536189079285,
  "hyper": {
    "N_PROP": 25,
    "N_SIM_DST": 4,
    "sigma": 0.001,
    "lr": 0.01,
    "lamb": 1.0,
    "polyak_tail": 50
  }
}