{
  "arm": "linear",
  "run": 9,
  "n_obs": 250,
  "n_iter": 100,
  "seed": 2026009,
  "theta_hat_unbound": [
    -1.0406107902526855,
    -3.1038095951080322,
    -0.16865600645542145,
    0.5511496663093567,
    1.0924322605133057,
    -0.6898761987686157
  ],
  "theta_hat_natural": [
    0.35323886120159065,
    0.04487790965764739,
    0.8447994589688955,
    0.5511496663093567,
    1.0924322605133057,
    -0.6898761987686157
  ],
  "abs_err_natural": [
    0.08683886120159062,
    0.004322090342352612,
    0.013799458968895562,
    0.12155033369064328,
    0.12793226051330564,
    0.3101238012313843
  ],
  "param_names": [
    "omega_c",
    "omega_b",
    "sigma_8",
    "h_0",
    "n_s",
    "w_0"
  ],
  "sigma8_abs_err": 0.013799458968895562,
  "mse_unbound": 0.4643809199333191,
  "wall_seconds": 508.54345893859863,
  "hyper": {
    "N_PROP": 25,
    "N_SIM_DST": 4,
    "sigma": 0.001,
    "lr": 0.01,
    "lamb": 1.0,
    "polyak_tail": 50
  }
}