{
  "arm": "linear",
  "run": 5,
  "n_obs": 250,
  "n_iter": 100,
  "seed": 2026005,
  "theta_hat_unbound": [
    -1.0515775680541992,
    -2.9098684787750244,
    -0.1627766489982605,
    0.5929876565933228,
    1.0729485750198364,
    -0.7413209676742554
  ],
  "theta_hat_natural": [
    0.3493861337170126,
    0.05448289505509039,
    0.8497809666503823,
    0.5929876565933228,
    1.0729485750198364,
    -0.7413209676742554
  ],
  "abs_err_natural": [
    0.08298613371701258,
    0.005282895055090386,
    0.018780966650382314,
    0.07971234340667721,
    0.1084485750198364,
    0.25867903232574463
  ],
  "param_names": [
    "omega_c",
    "omega_b",
    "sigma_8",
    "h_0",
    "n_s",
    "w_0"
  ],
  "sigma8_abs_err": 0.018780966650382314,
  "mse_unbound": 0.4116673469543457,
  "wall_seconds": 511.74190402030945,
  "hyper": {
    "N_PROP": 25,
    "N_SIM_DST": 4,
    "sigma": 0.001,
    "lr": 0.01,
    "lamb": 1.0,
    "polyak_tail": 50
  }
}