{
  "arm": "linear",
  "run": 4,
  "n_obs": 250,
  "n_iter": 100,
  "seed": 2026004,
  "theta_hat_unbound": [
    -1.0670117139816284,
    -2.9680440425872803,
    -0.17318880558013916,
    0.584227979183197,
    1.0619081258773804,
    -0.7002890110015869
  ],
  "theta_hat_natural": [
    0.3440350580100349,
    0.051403755623392736,
    0.8409788183605784,
    0.584227979183197,
    1.0619081258773804,
    -0.7002890110015869
  ],
  "abs_err_natural": [
    0.0776350580100349,
    0.002203755623392735,
    0.009978818360578456,
    0.08847202081680294,
    0.09740812587738035,
    0.2997109889984131
  ],
  "param_names": [
    "omega_c",
    "omega_b",
    "sigma_8",
    "h_0",
    "n_s",
    "w_0"
  ],
  "sigma8_abs_err": 0.009978818360578456,
  "mse_unbound": 0.4178636968135834,
  "wall_seconds": 520.1332700252533,
  "hyper": {
    "N_PROP": 25,
    "N_SIM_DST": 4,
    "sigma": 0.001,
    "lr": 0.01,
    "lamb": 1.0,
    "polyak_tail": 50
  }
}