{
  "arm": "linear",
  "run": 8,
  "n_obs": 250,
  "n_iter": 100,
  "seed": 2026008,
  "theta_hat_unbound": [
    -1.008745551109314,
    -2.9762232303619385,
    -0.1590261608362198,
    0.5636117458343506,
    1.093105435371399,
    -0.6764165759086609
  ],
  "theta_hat_natural": [
    0.36467616036142775,
    0.05098502940836091,
    0.8529740441629767,
    0.5636117458343506,
    1.093105435371399,
    -0.6764165759086609
  ],
  "abs_err_natural": [
    0.09827616036142772,
    0.001785029408360908,
    0.02197404416297677,
    0.10908825416564938,
    0.1286054353713989,
    0.3235834240913391
  ],
  "param_names": [
    "omega_c",
    "omega_b",
    "sigma_8",
    "h_0",
    "n_s",
    "w_0"
  ],
  "sigma8_abs_err": 0.02197404416297677,
  "mse_unbound": 0.4834251403808594,
  "wall_seconds": 505.68244314193726,
  "hyper": {
    "N_PROP": 25,
    "N_SIM_DST": 4,
    "sigma": 0.001,
    "lr": 0.01,
    "lamb": 1.0,
    "polyak_tail": 50
  }
}