{
  "arm": "linear",
  "run": 2,
  "n_obs": 250,
  "n_iter": 100,
  "seed": 2026002,
  "theta_hat_unbound": [
    -1.019190788269043,
    -3.0328726768493652,
    -0.1538064032793045,
    0.574613094329834,
    1.0983611345291138,
    -0.854075014591217
  ],
  "theta_hat_natural": [
    0.3608868559236856,
    0.04817704207710237,
    0.8574380021296509,
    0.574613094329834,
    1.0983611345291138,
    -0.854075014591217
  ],
  "abs_err_natural": [
    0.09448685592368555,
    0.0010229579228976313,
    0.026438002129650973,
    0.09808690567016598,
    0.13386113452911375,
    0.14592498540878296
  ],
  "param_names": [
    "omega_c",
    "omega_b",
    "sigma_8",
    "h_0",
    "n_s",
    "w_0"
  ],
  "sigma8_abs_err": 0.026438002129650973,
  "mse_unbound": 0.3773702383041382,
  "wall_seconds": 514.5284631252289,
  "hyper": {
    "N_PROP": 25,
    "N_SIM_DST": 4,
    "sigma": 0.001,
    "lr": 0.01,
    "lamb": 1.0,
    "polyak_tail": 50
  }
}