{
  "arm": "linear",
  "run": 17,
  "n_obs": 250,
  "n_iter": 100,
  "seed": 2026017,
  "theta_hat_unbound": [
    -1.1011879444122314,
    -3.2947616577148438,
    -0.1852094531059265,
    0.5407037138938904,
    1.0603889226913452,
    -0.6570243835449219
  ],
  "theta_hat_natural": [
    0.3324758861370498,
    0.03707688098270903,
    0.8309302247077746,
    0.5407037138938904,
    1.0603889226913452,
    -0.6570243835449219
  ],
  "abs_err_natural": [
    0.06607588613704979,
    0.012123119017290969,
    6.977529222540468e-05,
    0.13199628610610958,
    0.09588892269134519,
    0.3429756164550781
  ],
  "param_names": [
    "omega_c",
    "omega_b",
    "sigma_8",
    "h_0",
    "n_s",
    "w_0"
  ],
  "sigma8_abs_err": 6.977529222540468e-05,
  "mse_unbound": 0.5228525996208191,
  "wall_seconds": 523.6129252910614,
  "hyper": {
    "N_PROP": 25,
    "N_SIM_DST": 4,
    "sigma": 0.001,
    "lr": 0.01,
    "lamb": 1.0,
    "polyak_tail": 50
  }
}