{
  "arm": "linear",
  "run": 15,
  "n_obs": 250,
  "n_iter": 100,
  "seed": 2026015,
  "theta_hat_unbound": [
    -1.0507069826126099,
    -3.0489554405212402,
    -0.1754787415266037,
    0.5588158965110779,
    1.0844699144363403,
    -0.6569731831550598
  ],
  "theta_hat_natural": [
    0.34969043664014743,
    0.04740841945028379,
    0.8390552340172416,
    0.5588158965110779,
    1.0844699144363403,
    -0.6569731831550598
  ],
  "abs_err_natural": [
    0.0832904366401474,
    0.001791580549716211,
    0.00805523401724162,
    0.11388410348892208,
    0.11996991443634031,
    0.3430268168449402
  ],
  "param_names": [
    "omega_c",
    "omega_b",
    "sigma_8",
    "h_0",
    "n_s",
    "w_0"
  ],
  "sigma8_abs_err": 0.00805523401724162,
  "mse_unbound": 0.46958449482917786,
  "wall_seconds": 507.64666199684143,
  "hyper": {
    "N_PROP": 25,
    "N_SIM_DST": 4,
    "sigma": 0.001,
    "lr": 0.01,
    "lamb": 1.0,
    "polyak_tail": 50
  }
}