{
  "arm": "linear",
  "run": 13,
  "n_obs": 250,
  "n_iter": 100,
  "seed": 2026013,
  "theta_hat_unbound": [
    -1.0874253511428833,
    -3.142526149749756,
    -0.16889292001724243,
    0.5944927930831909,
    1.0276751518249512,
    -0.8224273920059204
  ],
  "theta_hat_natural": [
    0.3370832484337363,
    0.04317359705978866,
    0.8445993382266417,
    0.5944927930831909,
    1.0276751518249512,
    -0.8224273920059204
  ],
  "abs_err_natural": [
    0.0706832484337363,
    0.0060264029402113395,
    0.013599338226641722,
    0.07820720691680905,
    0.06317515182495115,
    0.1775726079940796
  ],
  "param_names": [
    "omega_c",
    "omega_b",
    "sigma_8",
    "h_0",
    "n_s",
    "w_0"
  ],
  "sigma8_abs_err": 0.013599338226641722,
  "mse_unbound": 0.33816683292388916,
  "wall_seconds": 508.79504680633545,
  "hyper": {
    "N_PROP": 25,
    "N_SIM_DST": 4,
    "sigma": 0.001,
    "lr": 0.01,
    "lamb": 1.0,
    "polyak_tail": 50
  }
}