{
  "arm": "linear",
  "run": 16,
  "n_obs": 250,
  "n_iter": 100,
  "seed": 2026016,
  "theta_hat_unbound": [
    -1.036434292793274,
    -3.0819687843322754,
    -0.17426390945911407,
    0.561038076877594,
    1.0476247072219849,
    -0.6084046363830566
  ],
  "theta_hat_natural": [
    0.3547172474972954,
    0.045868861797812334,
    0.8400751646186854,
    0.561038076877594,
    1.0476247072219849,
    -0.6084046363830566
  ],
  "abs_err_natural": [
    0.08831724749729536,
    0.0033311382021876668,
    0.009075164618685405,
    0.11166192312240597,
    0.08312470722198484,
    0.39159536361694336
  ],
  "param_names": [
    "omega_c",
    "omega_b",
    "sigma_8",
    "h_0",
    "n_s",
    "w_0"
  ],
  "sigma8_abs_err": 0.009075164618685405,
  "mse_unbound": 0.5096452236175537,
  "wall_seconds": 506.97230315208435,
  "hyper": {
    "N_PROP": 25,
    "N_SIM_DST": 4,
    "sigma": 0.001,
    "lr": 0.01,
    "lamb": 1.0,
    "polyak_tail": 50
  }
}