{
  "arm": "linear",
  "run": 3,
  "n_obs": 250,
  "n_iter": 100,
  "seed": 2026003,
  "theta_hat_unbound": [
    -1.0214662551879883,
    -2.9023983478546143,
    -0.1522602140903473,
    0.5901683568954468,
    1.1055892705917358,
    -0.820111095905304
  ],
  "theta_hat_natural": [
    0.3600666034042075,
    0.054891413356968524,
    0.8587647889661469,
    0.5901683568954468,
    1.1055892705917358,
    -0.820111095905304
  ],
  "abs_err_natural": [
    0.09366660340420746,
    0.0056914133569685235,
    0.02776478896614698,
    0.08253164310455319,
    0.14108927059173582,
    0.17988890409469604
  ],
  "param_names": [
    "omega_c",
    "omega_b",
    "sigma_8",
    "h_0",
    "n_s",
    "w_0"
  ],
  "sigma8_abs_err": 0.02776478896614698,
  "mse_unbound": 0.4036282002925873,
  "wall_seconds": 518.3888280391693,
  "hyper": {
    "N_PROP": 25,
    "N_SIM_DST": 4,
    "sigma": 0.001,
    "lr": 0.01,
    "lamb": 1.0,
    "polyak_tail": 50
  }
}