{
  "arm": "patp05",
  "run": 9,
  "n_obs": 250,
  "n_iter": 100,
  "seed": 2026009,
  "theta_hat_unbound": [
    -1.0689682960510254,
    -3.1124372482299805,
    -0.17557619512081146,
    0.5553240776062012,
    1.071884036064148,
    -0.677217960357666
  ],
  "theta_hat_natural": [
    0.34336258327482444,
    0.04449238410208943,
    0.8389734690531573,
    0.5553240776062012,
    1.071884036064148,
    -0.677217960357666
  ],
  "abs_err_natural": [
    0.07696258327482441,
    0.004707615897910571,
    0.007973469053157323,
    0.11737592239379879,
    0.10738403606414793,
    0.322782039642334
  ],
  "param_names": [
    "omega_c",
    "omega_b",
    "sigma_8",
    "h_0",
    "n_s",
    "w_0"
  ],
  "sigma8_abs_err": 0.007973469053157323,
  "mse_unbound": 0.45178714394569397,
  "wall_seconds": 440.8314769268036,
  "hyper": {
    "N_PROP": 25,
    "N_SIM_DST": 4,
    "sigma": 0.001,
    "lr": 0.01,
    "lamb": 1.0,
    "polyak_tail": 50
  }
}