{
  "arm": "patp05",
  "run": 16,
  "n_obs": 250,
  "n_iter": 100,
  "seed": 2026016,
  "theta_hat_unbound": [
    -1.0595496892929077,
    -3.069868803024292,
    -0.1775968223810196,
    0.5677661299705505,
    1.0354424715042114,
    -0.616317629814148
  ],
  "theta_hat_natural": [
    0.34661185822336504,
    0.04642724557209037,
    0.8372799279748496,
    0.5677661299705505,
    1.0354424715042114,
    -0.616317629814148
  ],
  "abs_err_natural": [
    0.08021185822336502,
    0.0027727544279096336,
    0.006279927974849664,
    0.10493387002944943,
    0.0709424715042114,
    0.38368237018585205
  ],
  "param_names": [
    "omega_c",
    "omega_b",
    "sigma_8",
    "h_0",
    "n_s",
    "w_0"
  ],
  "sigma8_abs_err": 0.006279927974849664,
  "mse_unbound": 0.48575231432914734,
  "wall_seconds": 439.0517601966858,
  "hyper": {
    "N_PROP": 25,
    "N_SIM_DST": 4,
    "sigma": 0.001,
    "lr": 0.01,
    "lamb": 1.0,
    "polyak_tail": 50
  }
}