{
  "arm": "patp05",
  "run": 3,
  "n_obs": 250,
  "n_iter": 100,
  "seed": 2026003,
  "theta_hat_unbound": [
    -1.0343490839004517,
    -2.8987035751342773,
    -0.15672890841960907,
    0.5996286869049072,
    1.0808123350143433,
    -0.8160357475280762
  ],
  "theta_hat_natural": [
    0.3554576787648572,
    0.055094599786311434,
    0.854935793300971,
    0.5996286869049072,
    1.0808123350143433,
    -0.8160357475280762
  ],
  "abs_err_natural": [
    0.08905767876485715,
    0.005894599786311433,
    0.023935793300971064,
    0.07307131309509274,
    0.11631233501434324,
    0.18396425247192383
  ],
  "param_names": [
    "omega_c",
    "omega_b",
    "sigma_8",
    "h_0",
    "n_s",
    "w_0"
  ],
  "sigma8_abs_err": 0.023935793300971064,
  "mse_unbound": 0.38665318489074707,
  "wall_seconds": 440.56761026382446,
  "hyper": {
    "N_PROP": 25,
    "N_SIM_DST": 4,
    "sigma": 0.001,
    "lr": 0.01,
    "lamb": 1.0,
    "polyak_tail": 50
  }
}