{
  "arm": "patp05",
  "run": 15,
  "n_obs": 250,
  "n_iter": 100,
  "seed": 2026015,
  "theta_hat_unbound": [
    -1.0697941780090332,
    -3.046416997909546,
    -0.178706094622612,
    0.5661923289299011,
    1.06472647190094,
    -0.6625096201896667
  ],
  "theta_hat_natural": [
    0.3430791233805609,
    0.04752891587429463,
    0.836351671532041,
    0.5661923289299011,
    1.06472647190094,
    -0.6625096201896667
  ],
  "abs_err_natural": [
    0.07667912338056088,
    0.001671084125705373,
    0.00535167153204108,
    0.10650767107009884,
    0.10022647190093992,
    0.33749037981033325
  ],
  "param_names": [
    "omega_c",
    "omega_b",
    "sigma_8",
    "h_0",
    "n_s",
    "w_0"
  ],
  "sigma8_abs_err": 0.00535167153204108,
  "mse_unbound": 0.4477880001068115,
  "wall_seconds": 440.9176378250122,
  "hyper": {
    "N_PROP": 25,
    "N_SIM_DST": 4,
    "sigma": 0.001,
    "lr": 0.01,
    "lamb": 1.0,
    "polyak_tail": 50
  }
}