{
  "arm": "patp05",
  "run": 4,
  "n_obs": 250,
  "n_iter": 100,
  "seed": 2026004,
  "theta_hat_unbound": [
    -1.079075574874878,
    -3.002272605895996,
    -0.1802193522453308,
    0.5803404450416565,
    1.0465947389602661,
    -0.6763327717781067
  ],
  "theta_hat_natural": [
    0.33990960142863075,
    0.04967405045397782,
    0.8350870131081551,
    0.5803404450416565,
    1.0465947389602661,
    -0.6763327717781067
  ],
  "abs_err_natural": [
    0.07350960142863072,
    0.0004740504539778173,
    0.00408701310815518,
    0.09235955495834347,
    0.08209473896026609,
    0.3236672282218933
  ],
  "param_names": [
    "omega_c",
    "omega_b",
    "sigma_8",
    "h_0",
    "n_s",
    "w_0"
  ],
  "sigma8_abs_err": 0.00408701310815518,
  "mse_unbound": 0.4237058162689209,
  "wall_seconds": 438.8409159183502,
  "hyper": {
    "N_PROP": 25,
    "N_SIM_DST": 4,
    "sigma": 0.001,
    "lr": 0.01,
    "lamb": 1.0,
    "polyak_tail": 50
  }
}