{
  "arm": "patp05",
  "run": 0,
  "n_obs": 250,
  "n_iter": 100,
  "seed": 2026000,
  "theta_hat_unbound": [
    -1.0773358345031738,
    -2.9466867446899414,
    -0.16655322909355164,
    0.6037298440933228,
    1.0499128103256226,
    -0.7863516211509705
  ],
  "theta_hat_natural": [
    0.34050147058501506,
    0.052513408358405234,
    0.8465777531696764,
    0.6037298440933228,
    1.0499128103256226,
    -0.7863516211509705
  ],
  "abs_err_natural": [
    0.07410147058501504,
    0.003313408358405233,
    0.015577753169676467,
    0.06897015590667721,
    0.08541281032562253,
    0.21364837884902954
  ],
  "param_names": [
    "omega_c",
    "omega_b",
    "sigma_8",
    "h_0",
    "n_s",
    "w_0"
  ],
  "sigma8_abs_err": 0.015577753169676467,
  "mse_unbound": 0.3500311076641083,
  "wall_seconds": 444.7921071052551,
  "hyper": {
    "N_PROP": 25,
    "N_SIM_DST": 4,
    "sigma": 0.001,
    "lr": 0.01,
    "lamb": 1.0,
    "polyak_tail": 50
  }
}