{
  "arm": "patp05",
  "run": 19,
  "n_obs": 250,
  "n_iter": 100,
  "seed": 2026019,
  "theta_hat_unbound": [
    -1.1246488094329834,
    -3.074852705001831,
    -0.1881130337715149,
    0.5806813836097717,
    1.0264869928359985,
    -0.6874088048934937
  ],
  "theta_hat_natural": [
    0.32476650226526443,
    0.046196432383993465,
    0.8285210510804432,
    0.5806813836097717,
    1.0264869928359985,
    -0.6874088048934937
  ],
  "abs_err_natural": [
    0.05836650226526441,
    0.003003567616006536,
    0.0024789489195568004,
    0.09201861639022824,
    0.06198699283599851,
    0.31259119510650635
  ],
  "param_names": [
    "omega_c",
    "omega_b",
    "sigma_8",
    "h_0",
    "n_s",
    "w_0"
  ],
  "sigma8_abs_err": 0.0024789489195568004,
  "mse_unbound": 0.39146700501441956,
  "wall_seconds": 447.6483919620514,
  "hyper": {
    "N_PROP": 25,
    "N_SIM_DST": 4,
    "sigma": 0.001,
    "lr": 0.01,
    "lamb": 1.0,
    "polyak_tail": 50
  }
}