{
  "arm": "patp05",
  "run": 1,
  "n_obs": 250,
  "n_iter": 100,
  "seed": 2026001,
  "theta_hat_unbound": [
    -1.0940054655075073,
    -3.0365076065063477,
    -0.18621131777763367,
    0.5782241225242615,
    1.0653856992721558,
    -0.7017326354980469
  ],
  "theta_hat_natural": [
    0.33487248362805533,
    0.04800223980751518,
    0.8300981619477255,
    0.5782241225242615,
    1.0653856992721558,
    -0.7017326354980469
  ],
  "abs_err_natural": [
    0.0684724836280553,
    0.0011977601924848189,
    0.0009018380522745062,
    0.09447587747573849,
    0.10088569927215574,
    0.2982673645019531
  ],
  "param_names": [
    "omega_c",
    "omega_b",
    "sigma_8",
    "h_0",
    "n_s",
    "w_0"
  ],
  "sigma8_abs_err": 0.0009018380522745062,
  "mse_unbound": 0.40125125646591187,
  "wall_seconds": 439.85374116897583,
  "hyper": {
    "N_PROP": 25,
    "N_SIM_DST": 4,
    "sigma": 0.001,
    "lr": 0.01,
    "lamb": 1.0,
    "polyak_tail": 50
  }
}