{
  "arm": "patp05",
  "run": 7,
  "n_obs": 250,
  "n_iter": 100,
  "seed": 2026007,
  "theta_hat_unbound": [
    -1.0146952867507935,
    -3.051236629486084,
    -0.16925151646137238,
    0.5471107959747314,
    1.0821497440338135,
    -0.6018749475479126
  ],
  "theta_hat_natural": [
    0.3625128754806765,
    0.047300395145763764,
    0.8442965222048584,
    0.5471107959747314,
    1.0821497440338135,
    -0.6018749475479126
  ],
  "abs_err_natural": [
    0.09611287548067649,
    0.0018996048542362365,
    0.01329652220485844,
    0.12558920402526852,
    0.11764974403381345,
    0.3981250524520874
  ],
  "param_names": [
    "omega_c",
    "omega_b",
    "sigma_8",
    "h_0",
    "n_s",
    "w_0"
  ],
  "sigma8_abs_err": 0.01329652220485844,
  "mse_unbound": 0.5336868166923523,
  "wall_seconds": 440.68628096580505,
  "hyper": {
    "N_PROP": 25,
    "N_SIM_DST": 4,
    "sigma": 0.001,
    "lr": 0.01,
    "lamb": 1.0,
    "polyak_tail": 50
  }
}