{
  "arm": "patp05",
  "run": 13,
  "n_obs": 250,
  "n_iter": 100,
  "seed": 2026013,
  "theta_hat_unbound": [
    -1.0943617820739746,
    -3.1604561805725098,
    -0.17497922480106354,
    0.586922824382782,
    1.0230427980422974,
    -0.7927937507629395
  ],
  "theta_hat_natural": [
    0.3347531842699157,
    0.04240639169539847,
    0.8394744608369723,
    0.586922824382782,
    1.0230427980422974,
    -0.7927937507629395
  ],
  "abs_err_natural": [
    0.06835318426991566,
    0.006793608304601531,
    0.008474460836972342,
    0.08577717561721798,
    0.05854279804229734,
    0.20720624923706055
  ],
  "param_names": [
    "omega_c",
    "omega_b",
    "sigma_8",
    "h_0",
    "n_s",
    "w_0"
  ],
  "sigma8_abs_err": 0.008474460836972342,
  "mse_unbound": 0.35786405205726624,
  "wall_seconds": 440.5716857910156,
  "hyper": {
    "N_PROP": 25,
    "N_SIM_DST": 4,
    "sigma": 0.001,
    "lr": 0.01,
    "lamb": 1.0,
    "polyak_tail": 50
  }
}