{
  "arm": "patp05",
  "run": 8,
  "n_obs": 250,
  "n_iter": 100,
  "seed": 2026008,
  "theta_hat_unbound": [
    -1.028832197189331,
    -3.026517629623413,
    -0.1686776727437973,
    0.5665330290794373,
    1.0618906021118164,
    -0.6610707640647888
  ],
  "theta_hat_natural": [
    0.357424117832432,
    0.048484184372903784,
    0.8447811554984825,
    0.5665330290794373,
    1.0618906021118164,
    -0.6610707640647888
  ],
  "abs_err_natural": [
    0.09102411783243197,
    0.0007158156270962168,
    0.013781155498482578,
    0.10616697092056271,
    0.09739060211181638,
    0.3389292359352112
  ],
  "param_names": [
    "omega_c",
    "omega_b",
    "sigma_8",
    "h_0",
    "n_s",
    "w_0"
  ],
  "sigma8_abs_err": 0.013781155498482578,
  "mse_unbound": 0.47170549631118774,
  "wall_seconds": 438.9195349216461,
  "hyper": {
    "N_PROP": 25,
    "N_SIM_DST": 4,
    "sigma": 0.001,
    "lr": 0.01,
    "lamb": 1.0,
    "polyak_tail": 50
  }
}