{
  "arm": "patp05",
  "run": 17,
  "n_obs": 250,
  "n_iter": 100,
  "seed": 2026017,
  "theta_hat_unbound": [
    -1.1147788763046265,
    -3.3009090423583984,
    -0.19001999497413635,
    0.5366230010986328,
    1.0532007217407227,
    -0.627067506313324
  ],
  "theta_hat_natural": [
    0.3279877967552409,
    0.03684965427449408,
    0.8269425990821749,
    0.5366230010986328,
    1.0532007217407227,
    -0.627067506313324
  ],
  "abs_err_natural": [
    0.0615877967552409,
    0.012350345725505918,
    0.004057400917825027,
    0.13607699890136715,
    0.08870072174072263,
    0.372932493686676
  ],
  "param_names": [
    "omega_c",
    "omega_b",
    "sigma_8",
    "h_0",
    "n_s",
    "w_0"
  ],
  "sigma8_abs_err": 0.004057400917825027,
  "mse_unbound": 0.5406387448310852,
  "wall_seconds": 440.61027002334595,
  "hyper": {
    "N_PROP": 25,
    "N_SIM_DST": 4,
    "sigma": 0.001,
    "lr": 0.01,
    "lamb": 1.0,
    "polyak_tail": 50
  }
}