{
  "arm": "patp05",
  "run": 12,
  "n_obs": 250,
  "n_iter": 100,
  "seed": 2026012,
  "theta_hat_unbound": [
    -1.1180230379104614,
    -2.9602811336517334,
    -0.18416158854961395,
    0.5702934861183167,
    1.0650073289871216,
    -0.5671966671943665
  ],
  "theta_hat_natural": [
    0.3269254754405436,
    0.05180435117890365,
    0.8318013833874538,
    0.5702934861183167,
    1.0650073289871216,
    -0.5671966671943665
  ],
  "abs_err_natural": [
    0.0605254754405436,
    0.0026043511789036466,
    0.0008013833874538356,
    0.10240651388168331,
    0.10050732898712156,
    0.43280333280563354
  ],
  "param_names": [
    "omega_c",
    "omega_b",
    "sigma_8",
    "h_0",
    "n_s",
    "w_0"
  ],
  "sigma8_abs_err": 0.0008013833874538356,
  "mse_unbound": 0.5024785995483398,
  "wall_seconds": 439.0521490573883,
  "hyper": {
    "N_PROP": 25,
    "N_SIM_DST": 4,
    "sigma": 0.001,
    "lr": 0.01,
    "lamb": 1.0,
    "polyak_tail": 50
  }
}