{
  "arm": "patp05",
  "run": 5,
  "n_obs": 250,
  "n_iter": 100,
  "seed": 2026005,
  "theta_hat_unbound": [
    -1.0621570348739624,
    -2.889077663421631,
    -0.16596664488315582,
    0.6016448140144348,
    1.0551173686981201,
    -0.740426778793335
  ],
  "theta_hat_natural": [
    0.34570929848038284,
    0.055627496232005795,
    0.8470744879867153,
    0.6016448140144348,
    1.0551173686981201,
    -0.740426778793335
  ],
  "abs_err_natural": [
    0.07930929848038282,
    0.006427496232005794,
    0.01607448798671529,
    0.07105518598556515,
    0.0906173686981201,
    0.25957322120666504
  ],
  "param_names": [
    "omega_c",
    "omega_b",
    "sigma_8",
    "h_0",
    "n_s",
    "w_0"
  ],
  "sigma8_abs_err": 0.01607448798671529,
  "mse_unbound": 0.4049612283706665,
  "wall_seconds": 441.8214728832245,
  "hyper": {
    "N_PROP": 25,
    "N_SIM_DST": 4,
    "sigma": 0.001,
    "lr": 0.01,
    "lamb": 1.0,
    "polyak_tail": 50
  }
}