{
  "arm": "patp05",
  "run": 10,
  "n_obs": 250,
  "n_iter": 100,
  "seed": 2026010,
  "theta_hat_unbound": [
    -1.0387704372406006,
    -2.9946508407592773,
    -0.16842500865459442,
    0.5671891570091248,
    1.0614440441131592,
    -0.6439363956451416
  ],
  "theta_hat_natural": [
    0.35388954396312877,
    0.0500541008877002,
    0.8449946283270355,
    0.5671891570091248,
    1.0614440441131592,
    -0.6439363956451416
  ],
  "abs_err_natural": [
    0.08748954396312875,
    0.0008541008877002015,
    0.013994628327035574,
    0.10551084299087521,
    0.09694404411315916,
    0.3560636043548584
  ],
  "param_names": [
    "omega_c",
    "omega_b",
    "sigma_8",
    "h_0",
    "n_s",
    "w_0"
  ],
  "sigma8_abs_err": 0.013994628327035574,
  "mse_unbound": 0.47805339097976685,
  "wall_seconds": 438.4053330421448,
  "hyper": {
    "N_PROP": 25,
    "N_SIM_DST": 4,
    "sigma": 0.001,
    "lr": 0.01,
    "lamb": 1.0,
    "polyak_tail": 50
  }
}