{
  "arm": "patp05",
  "run": 11,
  "n_obs": 250,
  "n_iter": 100,
  "seed": 2026011,
  "theta_hat_unbound": [
    -1.0747020244598389,
    -3.2090184688568115,
    -0.17173247039318085,
    0.5673503279685974,
    1.0526647567749023,
    -0.7957934737205505
  ],
  "theta_hat_natural": [
    0.34139946883730565,
    0.04039624399100201,
    0.8422044576594395,
    0.5673503279685974,
    1.0526647567749023,
    -0.7957934737205505
  ],
  "abs_err_natural": [
    0.07499946883730563,
    0.008803756008997993,
    0.01120445765943956,
    0.10534967203140255,
    0.08816475677490232,
    0.20420652627944946
  ],
  "param_names": [
    "omega_c",
    "omega_b",
    "sigma_8",
    "h_0",
    "n_s",
    "w_0"
  ],
  "sigma8_abs_err": 0.01120445765943956,
  "mse_unbound": 0.40143856406211853,
  "wall_seconds": 441.42747592926025,
  "hyper": {
    "N_PROP": 25,
    "N_SIM_DST": 4,
    "sigma": 0.001,
    "lr": 0.01,
    "lamb": 1.0,
    "polyak_tail": 50
  }
}