{
  "arm": "patp05",
  "run": 2,
  "n_obs": 250,
  "n_iter": 100,
  "seed": 2026002,
  "theta_hat_unbound": [
    -1.0236490964889526,
    -3.0272772312164307,
    -0.15684323012828827,
    0.5798675417900085,
    1.0778002738952637,
    -0.8524360060691833
  ],
  "theta_hat_natural": [
    0.3592814923493582,
    0.04844736969323279,
    0.8548380611668285,
    0.5798675417900085,
    1.0778002738952637,
    -0.8524360060691833
  ],
  "abs_err_natural": [
    0.09288149234935816,
    0.000752630306767213,
    0.023838061166828517,
    0.09283245820999142,
    0.11330027389526365,
    0.14756399393081665
  ],
  "param_names": [
    "omega_c",
    "omega_b",
    "sigma_8",
    "h_0",
    "n_s",
    "w_0"
  ],
  "sigma8_abs_err": 0.023838061166828517,
  "mse_unbound": 0.36569464206695557,
  "wall_seconds": 439.1842119693756,
  "hyper": {
    "N_PROP": 25,
    "N_SIM_DST": 4,
    "sigma": 0.001,
    "lr": 0.01,
    "lamb": 1.0,
    "polyak_tail": 50
  }
}