{
  "arm": "patp05",
  "run": 18,
  "n_obs": 250,
  "n_iter": 100,
  "seed": 2026018,
  "theta_hat_unbound": [
    -1.0782545804977417,
    -3.031064033508301,
    -0.17423132061958313,
    0.5702925324440002,
    1.052295446395874,
    -0.6476176381111145
  ],
  "theta_hat_natural": [
    0.34018877988642904,
    0.04826425600912155,
    0.8401025421395175,
    0.5702925324440002,
    1.052295446395874,
    -0.6476176381111145
  ],
  "abs_err_natural": [
    0.07378877988642901,
    0.0009357439908784515,
    0.009102542139517555,
    0.10240746755599972,
    0.087795446395874,
    0.3523823618888855
  ],
  "param_names": [
    "omega_c",
    "omega_b",
    "sigma_8",
    "h_0",
    "n_s",
    "w_0"
  ],
  "sigma8_abs_err": 0.009102542139517555,
  "mse_unbound": 0.45015236735343933,
  "wall_seconds": 454.66302728652954,
  "hyper": {
    "N_PROP": 25,
    "N_SIM_DST": 4,
    "sigma": 0.001,
    "lr": 0.01,
    "lamb": 1.0,
    "polyak_tail": 50
  }
}