{
  "arm": "patp05",
  "run": 14,
  "n_obs": 250,
  "n_iter": 100,
  "seed": 2026014,
  "theta_hat_unbound": [
    -1.0669342279434204,
    -2.906874656677246,
    -0.18284162878990173,
    0.5766898989677429,
    1.0644291639328003,
    -0.5879378318786621
  ],
  "theta_hat_natural": [
    0.3440617169565195,
    0.05464625155839868,
    0.83290005268171,
    0.5766898989677429,
    1.0644291639328003,
    -0.5879378318786621
  ],
  "abs_err_natural": [
    0.07766171695651947,
    0.005446251558398681,
    0.0019000526817100072,
    0.09601010103225704,
    0.09992916393280027,
    0.4120621681213379
  ],
  "param_names": [
    "omega_c",
    "omega_b",
    "sigma_8",
    "h_0",
    "n_s",
    "w_0"
  ],
  "sigma8_abs_err": 0.0019000526817100072,
  "mse_unbound": 0.5152391791343689,
  "wall_seconds": 438.6763153076172,
  "hyper": {
    "N_PROP": 25,
    "N_SIM_DST": 4,
    "sigma": 0.001,
    "lr": 0.01,
    "lamb": 1.0,
    "polyak_tail": 50
  }
}