{
  "arm": "patp05",
  "run": 6,
  "n_obs": 250,
  "n_iter": 100,
  "seed": 2026006,
  "theta_hat_unbound": [
    -1.0620813369750977,
    -3.110661506652832,
    -0.17526939511299133,
    0.5551078915596008,
    1.0510660409927368,
    -0.6354061961174011
  ],
  "theta_hat_natural": [
    0.3457354689384077,
    0.044571461267932336,
    0.839230905608773,
    0.5551078915596008,
    1.0510660409927368,
    -0.6354061961174011
  ],
  "abs_err_natural": [
    0.07933546893840765,
    0.004628538732067665,
    0.008230905608773043,
    0.11759210844039913,
    0.08656604099273679,
    0.3645938038825989
  ],
  "param_names": [
    "omega_c",
    "omega_b",
    "sigma_8",
    "h_0",
    "n_s",
    "w_0"
  ],
  "sigma8_abs_err": 0.008230905608773043,
  "mse_unbound": 0.4817262291908264,
  "wall_seconds": 439.27064871788025,
  "hyper": {
    "N_PROP": 25,
    "N_SIM_DST": 4,
    "sigma": 0.001,
    "lr": 0.01,
    "lamb": 1.0,
    "polyak_tail": 50
  }
}