{
  "arm": "poly2",
  "run": 7,
  "n_obs": 250,
  "n_iter": 100,
  "seed": 2026007,
  "theta_hat_unbound": [
    -1.005144476890564,
    -3.040153741836548,
    -0.16954579949378967,
    0.5392236113548279,
    1.0790938138961792,
    -0.5520349144935608
  ],
  "theta_hat_natural": [
    0.36599175363351677,
    0.04782753583573343,
    0.8440480966195547,
    0.5392236113548279,
    1.0790938138961792,
    -0.5520349144935608
  ],
  "abs_err_natural": [
    0.09959175363351674,
    0.0013724641642665694,
    0.01304809661955475,
    0.13347638864517208,
    0.11459381389617918,
    0.4479650855064392
  ],
  "param_names": [
    "omega_c",
    "omega_b",
    "sigma_8",
    "h_0",
    "n_s",
    "w_0"
  ],
  "sigma8_abs_err": 0.01304809661955475,
  "mse_unbound": 0.5775299072265625,
  "wall_seconds": 506.6322269439697,
  "hyper": {
    "N_PROP": 25,
    "N_SIM_DST": 4,
    "sigma": 0.001,
    "lr": 0.01,
    "lamb": 1.0,
    "polyak_tail": 50
  }
}