{
  "arm": "poly2",
  "run": 19,
  "n_obs": 250,
  "n_iter": 100,
  "seed": 2026019,
  "theta_hat_unbound": [
    -1.128993272781372,
    -3.0549895763397217,
    -0.18828092515468597,
    0.585517406463623,
    1.0221065282821655,
    -0.6859420537948608
  ],
  "theta_hat_natural": [
    0.3233586265460149,
    0.047123211964120636,
    0.8283819612115129,
    0.585517406463623,
    1.0221065282821655,
    -0.6859420537948608
  ],
  "abs_err_natural": [
    0.05695862654601486,
    0.002076788035879365,
    0.002618038788487098,
    0.08718259353637692,
    0.0576065282821655,
    0.31405794620513916
  ],
  "param_names": [
    "omega_c",
    "omega_b",
    "sigma_8",
    "h_0",
    "n_s",
    "w_0"
  ],
  "sigma8_abs_err": 0.002618038788487098,
  "mse_unbound": 0.3859608471393585,
  "wall_seconds": 508.117552280426,
  "hyper": {
    "N_PROP": 25,
    "N_SIM_DST": 4,
    "sigma": 0.001,
    "lr": 0.01,
    "lamb": 1.0,
    "polyak_tail": 50
  }
}