{
  "arm": "poly2",
  "run": 17,
  "n_obs": 250,
  "n_iter": 100,
  "seed": 2026017,
  "theta_hat_unbound": [
    -1.1154752969741821,
    -3.297806739807129,
    -0.190224289894104,
    0.5406871438026428,
    1.0496958494186401,
    -0.6430176496505737
  ],
  "theta_hat_natural": [
    0.3277594587930855,
    0.03696415056019418,
    0.826773676165712,
    0.5406871438026428,
    1.0496958494186401,
    -0.6430176496505737
  ],
  "abs_err_natural": [
    0.061359458793085464,
    0.012235849439805824,
    0.004226323834288004,
    0.13201285619735714,
    0.08519584941864011,
    0.35698235034942627
  ],
  "param_names": [
    "omega_c",
    "omega_b",
    "sigma_8",
    "h_0",
    "n_s",
    "w_0"
  ],
  "sigma8_abs_err": 0.004226323834288004,
  "mse_unbound": 0.5261920094490051,
  "wall_seconds": 523.7209749221802,
  "hyper": {
    "N_PROP": 25,
    "N_SIM_DST": 4,
    "sigma": 0.001,
    "lr": 0.01,
    "lamb": 1.0,
    "polyak_tail": 50
  }
}