{
  "arm": "poly2",
  "run": 15,
  "n_obs": 250,
  "n_iter": 100,
  "seed": 2026015,
  "theta_hat_unbound": [
    -1.0434354543685913,
    -3.0369620323181152,
    -0.17465360462665558,
    0.5661519765853882,
    1.0615535974502563,
    -0.6988359093666077
  ],
  "theta_hat_natural": [
    0.35224248793839485,
    0.04798043130627223,
    0.8397478551662599,
    0.5661519765853882,
    1.0615535974502563,
    -0.6988359093666077
  ],
  "abs_err_natural": [
    0.08584248793839483,
    0.0012195686937277739,
    0.008747855166259977,
    0.10654802341461178,
    0.09705359745025632,
    0.30116409063339233
  ],
  "param_names": [
    "omega_c",
    "omega_b",
    "sigma_8",
    "h_0",
    "n_s",
    "w_0"
  ],
  "sigma8_abs_err": 0.008747855166259977,
  "mse_unbound": 0.43615537881851196,
  "wall_seconds": 507.6437158584595,
  "hyper": {
    "N_PROP": 25,
    "N_SIM_DST": 4,
    "sigma": 0.001,
    "lr": 0.01,
    "lamb": 1.0,
    "polyak_tail": 50
  }
}