{
  "arm": "poly2",
  "run": 0,
  "n_obs": 250,
  "n_iter": 100,
  "seed": 2026000,
  "theta_hat_unbound": [
    -1.0605275630950928,
    -2.9796857833862305,
    -0.16942977905273438,
    0.5967702269554138,
    1.0354604721069336,
    -0.7882381677627563
  ],
  "theta_hat_natural": [
    0.3462730812352484,
    0.050808796324863015,
    0.8441460291329732,
    0.5967702269554138,
    1.0354604721069336,
    -0.7882381677627563
  ],
  "abs_err_natural": [
    0.07987308123524839,
    0.001608796324863014,
    0.013146029132973247,
    0.07592977304458615,
    0.07096047210693357,
    0.21176183223724365
  ],
  "param_names": [
    "omega_c",
    "omega_b",
    "sigma_8",
    "h_0",
    "n_s",
    "w_0"
  ],
  "sigma8_abs_err": 0.013146029132973247,
  "mse_unbound": 0.35452693700790405,
  "wall_seconds": 532.7931997776031,
  "hyper": {
    "N_PROP": 25,
    "N_SIM_DST": 4,
    "sigma": 0.001,
    "lr": 0.01,
    "lamb": 1.0,
    "polyak_tail": 50
  }
}