{
  "arm": "poly2",
  "run": 8,
  "n_obs": 250,
  "n_iter": 100,
  "seed": 2026008,
  "theta_hat_unbound": [
    -1.0561503171920776,
    -3.050708293914795,
    -0.17551253736019135,
    0.578506588935852,
    1.031124472618103,
    -0.6935337781906128
  ],
  "theta_hat_natural": [
    0.34779212585187935,
    0.04732539222989819,
    0.8390268779253434,
    0.578506588935852,
    1.031124472618103,
    -0.6935337781906128
  ],
  "abs_err_natural": [
    0.08139212585187933,
    0.001874607770101809,
    0.0080268779253434,
    0.09419341106414791,
    0.066624472618103,
    0.3064662218093872
  ],
  "param_names": [
    "omega_c",
    "omega_b",
    "sigma_8",
    "h_0",
    "n_s",
    "w_0"
  ],
  "sigma8_abs_err": 0.0080268779253434,
  "mse_unbound": 0.42416146397590637,
  "wall_seconds": 505.5874991416931,
  "hyper": {
    "N_PROP": 25,
    "N_SIM_DST": 4,
    "sigma": 0.001,
    "lr": 0.01,
    "lamb": 1.0,
    "polyak_tail": 50
  }
}