{
  "arm": "poly2",
  "run": 16,
  "n_obs": 250,
  "n_iter": 100,
  "seed": 2026016,
  "theta_hat_unbound": [
    -1.062469720840454,
    -3.057547092437744,
    -0.17861759662628174,
    0.5665588974952698,
    1.0378857851028442,
    -0.6188701391220093
  ],
  "theta_hat_natural": [
    0.34560121693293455,
    0.04700284757347273,
    0.836425690254405,
    0.5665588974952698,
    1.0378857851028442,
    -0.6188701391220093
  ],
  "abs_err_natural": [
    0.07920121693293453,
    0.0021971524265272727,
    0.005425690254405091,
    0.10614110250473019,
    0.07338578510284421,
    0.3811298608779907
  ],
  "param_names": [
    "omega_c",
    "omega_b",
    "sigma_8",
    "h_0",
    "n_s",
    "w_0"
  ],
  "sigma8_abs_err": 0.005425690254405091,
  "mse_unbound": 0.4814457297325134,
  "wall_seconds": 507.0393841266632,
  "hyper": {
    "N_PROP": 25,
    "N_SIM_DST": 4,
    "sigma": 0.001,
    "lr": 0.01,
    "lamb": 1.0,
    "polyak_tail": 50
  }
}