{
  "arm": "poly2",
  "run": 12,
  "n_obs": 250,
  "n_iter": 100,
  "seed": 2026012,
  "theta_hat_unbound": [
    -1.0774660110473633,
    -2.949920892715454,
    -0.17905236780643463,
    0.5610495805740356,
    1.0738203525543213,
    -0.5515816807746887
  ],
  "theta_hat_natural": [
    0.34045714816521516,
    0.05234384656421818,
    0.83606211551158,
    0.5610495805740356,
    1.0738203525543213,
    -0.5515816807746887
  ],
  "abs_err_natural": [
    0.07405714816521514,
    0.003143846564218178,
    0.00506211551158009,
    0.11165041942596432,
    0.10932035255432127,
    0.4484183192253113
  ],
  "param_names": [
    "omega_c",
    "omega_b",
    "sigma_8",
    "h_0",
    "n_s",
    "w_0"
  ],
  "sigma8_abs_err": 0.00506211551158009,
  "mse_unbound": 0.5380860567092896,
  "wall_seconds": 505.30157804489136,
  "hyper": {
    "N_PROP": 25,
    "N_SIM_DST": 4,
    "sigma": 0.001,
    "lr": 0.01,
    "lamb": 1.0,
    "polyak_tail": 50
  }
}