{
  "arm": "poly2",
  "run": 9,
  "n_obs": 250,
  "n_iter": 100,
  "seed": 2026009,
  "theta_hat_unbound": [
    -1.0914616584777832,
    -3.1375317573547363,
    -0.17847104370594025,
    0.5679420232772827,
    1.044304609298706,
    -0.7301877737045288
  ],
  "theta_hat_natural": [
    0.33572541899752184,
    0.04338976230229684,
    0.8365482798646737,
    0.5679420232772827,
    1.044304609298706,
    -0.7301877737045288
  ],
  "abs_err_natural": [
    0.06932541899752181,
    0.005810237697703162,
    0.005548279864673766,
    0.10475797672271725,
    0.07980460929870603,
    0.2698122262954712
  ],
  "param_names": [
    "omega_c",
    "omega_b",
    "sigma_8",
    "h_0",
    "n_s",
    "w_0"
  ],
  "sigma8_abs_err": 0.005548279864673766,
  "mse_unbound": 0.3993445634841919,
  "wall_seconds": 508.742399930954,
  "hyper": {
    "N_PROP": 25,
    "N_SIM_DST": 4,
    "sigma": 0.001,
    "lr": 0.01,
    "lamb": 1.0,
    "polyak_tail": 50
  }
}