{
  "arm": "poly2",
  "run": 11,
  "n_obs": 250,
  "n_iter": 100,
  "seed": 2026011,
  "theta_hat_unbound": [
    -1.0663113594055176,
    -3.1758430004119873,
    -0.17485593259334564,
    0.5637364387512207,
    1.0488758087158203,
    -0.7582544088363647
  ],
  "theta_hat_natural": [
    0.34427608893095696,
    0.041758886484269224,
    0.8395779678772463,
    0.5637364387512207,
    1.0488758087158203,
    -0.7582544088363647
  ],
  "abs_err_natural": [
    0.07787608893095693,
    0.007441113515730777,
    0.008577967877246295,
    0.10896356124877926,
    0.08437580871582029,
    0.24174559116363525
  ],
  "param_names": [
    "omega_c",
    "omega_b",
    "sigma_8",
    "h_0",
    "n_s",
    "w_0"
  ],
  "sigma8_abs_err": 0.008577967877246295,
  "mse_unbound": 0.41254401206970215,
  "wall_seconds": 507.7890281677246,
  "hyper": {
    "N_PROP": 25,
    "N_SIM_DST": 4,
    "sigma": 0.001,
    "lr": 0.01,
    "lamb": 1.0,
    "polyak_tail": 50
  }
}