{
  "arm": "poly2",
  "run": 13,
  "n_obs": 250,
  "n_iter": 100,
  "seed": 2026013,
  "theta_hat_unbound": [
    -1.1052476167678833,
    -3.156005859375,
    -0.18258653581142426,
    0.5768405795097351,
    1.020506501197815,
    -0.7307605743408203
  ],
  "theta_hat_natural": [
    0.331128879026937,
    0.04259553431981611,
    0.8331125467386413,
    0.5768405795097351,
    1.020506501197815,
    -0.7307605743408203
  ],
  "abs_err_natural": [
    0.06472887902693697,
    0.006604465680183892,
    0.0021125467386413632,
    0.09585942049026486,
    0.05600650119781492,
    0.2692394256591797
  ],
  "param_names": [
    "omega_c",
    "omega_b",
    "sigma_8",
    "h_0",
    "n_s",
    "w_0"
  ],
  "sigma8_abs_err": 0.0021125467386413632,
  "mse_unbound": 0.3910365700721741,
  "wall_seconds": 508.8566961288452,
  "hyper": {
    "N_PROP": 25,
    "N_SIM_DST": 4,
    "sigma": 0.001,
    "lr": 0.01,
    "lamb": 1.0,
    "polyak_tail": 50
  }
}