{
  "arm": "poly2",
  "run": 6,
  "n_obs": 250,
  "n_iter": 100,
  "seed": 2026006,
  "theta_hat_unbound": [
    -1.0083907842636108,
    -3.1633341312408447,
    -0.1700829565525055,
    0.5375339388847351,
    1.0617306232452393,
    -0.6148232817649841
  ],
  "theta_hat_natural": [
    0.36480555832423867,
    0.04228452364131622,
    0.8435948319746103,
    0.5375339388847351,
    1.0617306232452393,
    -0.6148232817649841
  ],
  "abs_err_natural": [
    0.09840555832423864,
    0.006915476358683781,
    0.01259483197461031,
    0.13516606111526486,
    0.09723062324523923,
    0.38517671823501587
  ],
  "param_names": [
    "omega_c",
    "omega_b",
    "sigma_8",
    "h_0",
    "n_s",
    "w_0"
  ],
  "sigma8_abs_err": 0.01259483197461031,
  "mse_unbound": 0.5459675192832947,
  "wall_seconds": 507.7610008716583,
  "hyper": {
    "N_PROP": 25,
    "N_SIM_DST": 4,
    "sigma": 0.001,
    "lr": 0.01,
    "lamb": 1.0,
    "polyak_tail": 50
  }
}