{
  "arm": "poly2",
  "run": 14,
  "n_obs": 250,
  "n_iter": 100,
  "seed": 2026014,
  "theta_hat_unbound": [
    -1.0500802993774414,
    -2.940639019012451,
    -0.1819930225610733,
    0.5726516842842102,
    1.058699131011963,
    -0.6025460958480835
  ],
  "theta_hat_natural": [
    0.3499096504559258,
    0.05283195732401659,
    0.8336071568384691,
    0.5726516842842102,
    1.058699131011963,
    -0.6025460958480835
  ],
  "abs_err_natural": [
    0.08350965045592579,
    0.0036319573240165895,
    0.002607156838469127,
    0.10004831571578976,
    0.09419913101196287,
    0.3974539041519165
  ],
  "param_names": [
    "omega_c",
    "omega_b",
    "sigma_8",
    "h_0",
    "n_s",
    "w_0"
  ],
  "sigma8_abs_err": 0.002607156838469127,
  "mse_unbound": 0.506248414516449,
  "wall_seconds": 506.34054803848267,
  "hyper": {
    "N_PROP": 25,
    "N_SIM_DST": 4,
    "sigma": 0.001,
    "lr": 0.01,
    "lamb": 1.0,
    "polyak_tail": 50
  }
}