{
  "arm": "poly2",
  "run": 5,
  "n_obs": 250,
  "n_iter": 100,
  "seed": 2026005,
  "theta_hat_unbound": [
    -1.0551905632019043,
    -2.923624038696289,
    -0.16959215700626373,
    0.5871105194091797,
    1.0503780841827393,
    -0.6915615200996399
  ],
  "theta_hat_natural": [
    0.3481260809641577,
    0.0537385832763481,
    0.8440089695563107,
    0.5871105194091797,
    1.0503780841827393,
    -0.6915615200996399
  ],
  "abs_err_natural": [
    0.08172608096415768,
    0.004538583276348096,
    0.013008969556310701,
    0.08558948059082028,
    0.08587808418273923,
    0.3084384799003601
  ],
  "param_names": [
    "omega_c",
    "omega_b",
    "sigma_8",
    "h_0",
    "n_s",
    "w_0"
  ],
  "sigma8_abs_err": 0.013008969556310701,
  "mse_unbound": 0.4352625906467438,
  "wall_seconds": 511.89008617401123,
  "hyper": {
    "N_PROP": 25,
    "N_SIM_DST": 4,
    "sigma": 0.001,
    "lr": 0.01,
    "lamb": 1.0,
    "polyak_tail": 50
  }
}