{
  "arm": "poly2",
  "run": 3,
  "n_obs": 250,
  "n_iter": 100,
  "seed": 2026003,
  "theta_hat_unbound": [
    -1.002882957458496,
    -2.8679158687591553,
    -0.15723735094070435,
    0.5990641117095947,
    1.065508484840393,
    -0.8136274218559265
  ],
  "theta_hat_natural": [
    0.36682038772922165,
    0.05681721780845936,
    0.8545012180784732,
    0.5990641117095947,
    1.065508484840393,
    -0.8136274218559265
  ],
  "abs_err_natural": [
    0.10042038772922163,
    0.0076172178084593575,
    0.023501218078473274,
    0.07363588829040524,
    0.10100848484039304,
    0.1863725781440735
  ],
  "param_names": [
    "omega_c",
    "omega_b",
    "sigma_8",
    "h_0",
    "n_s",
    "w_0"
  ],
  "sigma8_abs_err": 0.023501218078473274,
  "mse_unbound": 0.41734498739242554,
  "wall_seconds": 518.311598777771,
  "hyper": {
    "N_PROP": 25,
    "N_SIM_DST": 4,
    "sigma": 0.001,
    "lr": 0.01,
    "lamb": 1.0,
    "polyak_tail": 50
  }
}