{
  "arm": "poly2",
  "run": 10,
  "n_obs": 250,
  "n_iter": 100,
  "seed": 2026010,
  "theta_hat_unbound": [
    -1.0367244482040405,
    -2.9781525135040283,
    -0.16787296533584595,
    0.5730472207069397,
    1.0515168905258179,
    -0.6737139821052551
  ],
  "theta_hat_natural": [
    0.35461433929904906,
    0.05088675967617433,
    0.8454612307465061,
    0.5730472207069397,
    1.0515168905258179,
    -0.6737139821052551
  ],
  "abs_err_natural": [
    0.08821433929904904,
    0.0016867596761743278,
    0.014461230746506182,
    0.09965277929306027,
    0.08701689052581785,
    0.3262860178947449
  ],
  "param_names": [
    "omega_c",
    "omega_b",
    "sigma_8",
    "h_0",
    "n_s",
    "w_0"
  ],
  "sigma8_abs_err": 0.014461230746506182,
  "mse_unbound": 0.4552069306373596,
  "wall_seconds": 505.416198015213,
  "hyper": {
    "N_PROP": 25,
    "N_SIM_DST": 4,
    "sigma": 0.001,
    "lr": 0.01,
    "lamb": 1.0,
    "polyak_tail": 50
  }
}