{
  "arm": "poly2",
  "run": 1,
  "n_obs": 250,
  "n_iter": 100,
  "seed": 2026001,
  "theta_hat_unbound": [
    -1.0870193243026733,
    -3.0971944332122803,
    -0.18694454431533813,
    0.5816397666931152,
    1.0368337631225586,
    -0.7500423192977905
  ],
  "theta_hat_natural": [
    0.33722014106914705,
    0.045175768401281395,
    0.8294897350311251,
    0.5816397666931152,
    1.0368337631225586,
    -0.7500423192977905
  ],
  "abs_err_natural": [
    0.07082014106914702,
    0.004024231598718606,
    0.0015102649688748526,
    0.09106023330688473,
    0.07233376312255857,
    0.24995768070220947
  ],
  "param_names": [
    "omega_c",
    "omega_b",
    "sigma_8",
    "h_0",
    "n_s",
    "w_0"
  ],
  "sigma8_abs_err": 0.0015102649688748526,
  "mse_unbound": 0.3726390302181244,
  "wall_seconds": 520.8689651489258,
  "hyper": {
    "N_PROP": 25,
    "N_SIM_DST": 4,
    "sigma": 0.001,
    "lr": 0.01,
    "lamb": 1.0,
    "polyak_tail": 50
  }
}