{
  "arm": "poly2",
  "run": 4,
  "n_obs": 250,
  "n_iter": 100,
  "seed": 2026004,
  "theta_hat_unbound": [
    -1.0810315608978271,
    -3.0701308250427246,
    -0.18417209386825562,
    0.5670166015625,
    1.0430904626846313,
    -0.6511843204498291
  ],
  "theta_hat_natural": [
    0.33924539280233007,
    0.04641508220509988,
    0.8317926450947741,
    0.5670166015625,
    1.0430904626846313,
    -0.6511843204498291
  ],
  "abs_err_natural": [
    0.07284539280233004,
    0.0027849177949001228,
    0.0007926450947741692,
    0.10568339843749996,
    0.07859046268463132,
    0.3488156795501709
  ],
  "param_names": [
    "omega_c",
    "omega_b",
    "sigma_8",
    "h_0",
    "n_s",
    "w_0"
  ],
  "sigma8_abs_err": 0.0007926450947741692,
  "mse_unbound": 0.4481571614742279,
  "wall_seconds": 520.0612490177155,
  "hyper": {
    "N_PROP": 25,
    "N_SIM_DST": 4,
    "sigma": 0.001,
    "lr": 0.01,
    "lamb": 1.0,
    "polyak_tail": 50
  }
}