{
  "arm": "poly2",
  "run": 2,
  "n_obs": 250,
  "n_iter": 100,
  "seed": 2026002,
  "theta_hat_unbound": [
    -1.0064600706100464,
    -3.019456386566162,
    -0.15635913610458374,
    0.5761865377426147,
    1.0697842836380005,
    -0.8396102786064148
  ],
  "theta_hat_natural": [
    0.3655105737690596,
    0.04882775457196883,
    0.8552519833440172,
    0.5761865377426147,
    1.0697842836380005,
    -0.8396102786064148
  ],
  "abs_err_natural": [
    0.09911057376905957,
    0.0003722454280311732,
    0.024251983344017236,
    0.09651346225738522,
    0.10528428363800046,
    0.1603897213935852
  ],
  "param_names": [
    "omega_c",
    "omega_b",
    "sigma_8",
    "h_0",
    "n_s",
    "w_0"
  ],
  "sigma8_abs_err": 0.024251983344017236,
  "mse_unbound": 0.38347485661506653,
  "wall_seconds": 514.5368030071259,
  "hyper": {
    "N_PROP": 25,
    "N_SIM_DST": 4,
    "sigma": 0.001,
    "lr": 0.01,
    "lamb": 1.0,
    "polyak_tail": 50
  }
}