{
  "arm": "poly2",
  "run": 18,
  "n_obs": 250,
  "n_iter": 100,
  "seed": 2026018,
  "theta_hat_unbound": [
    -0.9755058884620667,
    -2.9948325157165527,
    -0.1579299122095108,
    0.5558856725692749,
    1.076381802558899,
    -0.6974672079086304
  ],
  "theta_hat_natural": [
    0.3770015845614965,
    0.05004500813704753,
    0.853909628510341,
    0.5558856725692749,
    1.076381802558899,
    -0.6974672079086304
  ],
  "abs_err_natural": [
    0.11060158456149649,
    0.0008450081370475274,
    0.022909628510341062,
    0.11681432743072506,
    0.1118818025588989,
    0.30253279209136963
  ],
  "param_names": [
    "omega_c",
    "omega_b",
    "sigma_8",
    "h_0",
    "n_s",
    "w_0"
  ],
  "sigma8_abs_err": 0.022909628510341062,
  "mse_unbound": 0.4891846776008606,
  "wall_seconds": 507.50709199905396,
  "hyper": {
    "N_PROP": 25,
    "N_SIM_DST": 4,
    "sigma": 0.001,
    "lr": 0.01,
    "lamb": 1.0,
    "polyak_tail": 50
  }
}