{
  "A_mean": {
    "linear [x,1] (theirs)": {
      "mean": 2.992708126703898,
      "sd": 0.006044214224538682,
      "err": 0.007291873296102036
    }
  },
  "B_variance": {
    "linear [x,1] (theirs)": {
      "mean": 1.4636253714561462,
      "sd": 0.47576916591191504,
      "err": 2.5363746285438538
    },
    "poly2  [x,x^2,1]": {
      "mean": 3.295818487803141,
      "sd": 0.0861016461896652,
      "err": 0.7041815121968589
    },
    "patp@0.7 [x,|x|^p,1]": {
      "mean": 3.2897077798843384,
      "sd": 0.09921868632703083,
      "err": 0.7102922201156616
    }
  },
  "Bt_variance_t6": {
    "linear [x,1] (theirs)": {
      "mean": 1.4684917827447255,
      "sd": 0.47829328408020355,
      "err": 2.5315082172552748
    },
    "poly2  [x,x^2,1]": {
      "mean": 3.292914112408956,
      "sd": 0.13304572858171046,
      "err": 0.707085887591044
    },
    "patp@0.6 [x,|x|^p,1]": {
      "mean": 3.3509015242258706,
      "sd": 0.12167669508443658,
      "err": 0.6490984757741294
    }
  },
  "C_sweep": {
    "gaussian": {
      "0.0": 2.206474927029281,
      "0.2": 2.130145906422727,
      "0.4": 1.6644745932399365,
      "0.5": 1.3102416792198965,
      "0.6": 1.108761960701235,
      "0.8": 0.37774042173552913,
      "0.9": 0.1812905827538155,
      "1.0": 0.025705545344598065
    },
    "student_t4": {
      "0.0": 0.003176786032461758,
      "0.2": 0.00951034785801674,
      "0.4": 0.04510948558218073,
      "0.5": 0.04481358674301564,
      "0.6": 0.029866327280616663,
      "0.8": 0.024506704000260754,
      "0.9": 0.046684945838695674,
      "1.0": 0.033929310761613055
    },
    "alpha_star_gauss": 1.0,
    "alpha_star_t": 0.0,
    "t_gain_vs_x2": 0.9063704519439897
  }
}