{
  "exp1_score_recovery": {
    "linear [1,x]": {
      "mse_mu": 0.00400522453357887,
      "mse_v": 1.8674327719484838
    },
    "poly2 [1,x,x^2]": {
      "mse_mu": 0.017157923373789227,
      "mse_v": 0.011182142795671195
    },
    "patp@1.0": {
      "mse_mu": 0.0037961763883991207,
      "mse_v": 0.004130976883830512
    },
    "patp@0.5": {
      "mse_mu": 0.05003220771246305,
      "mse_v": 0.7286888160861474
    }
  },
  "exp2_joint_mle": {
    "linear [1,x]": {
      "mu": 2.005823285588136,
      "mu_sd": 0.07358799465031719,
      "v": 1.716083403241557,
      "v_sd": 0.4733098083614943
    },
    "poly2 [1,x,x^2]": {
      "mu": 1.996609787686979,
      "mu_sd": 0.10008675965671356,
      "v": 3.9820234001380923,
      "v_sd": 0.28314710894638134
    },
    "patp@0.5": {
      "mu": 1.9965483341961523,
      "mu_sd": 0.09950989283378137,
      "v": 3.891812115495003,
      "v_sd": 0.337026309136656
    },
    "_truth": {
      "mu": 2.0,
      "v": 4.0
    }
  },
  "exp3_patp_sweep": {
    "gaussian": {
      "alphas": [
        0.0,
        0.1,
        0.2,
        0.3,
        0.4,
        0.5,
        0.6,
        0.7,
        0.8,
        0.9,
        1.0
      ],
      "mse_v": [
        2.7174986077283902,
        2.586298186940573,
        2.402104739623769,
        2.16064041967087,
        1.8618223874878992,
        1.5133952235058126,
        1.1339614326568557,
        0.7537954781869414,
        0.41240065951358407,
        0.15369590586450416,
        0.02198822530394412
      ],
      "cond": [
        9.69023677512262,
        10.160960602325018,
        10.734118790220663,
        11.345360606084746,
        11.900730837277713,
        12.284967565961153,
        12.387712627074409,
        12.141740509734186,
        11.551730517567693,
        10.692078282575476,
        9.674739526005883
      ],
      "alpha_star": 1.0,
      "mse_at_star": 0.02198822530394412
    },
    "student_t_df4": {
      "alphas": [
        0.0,
        0.1,
        0.2,
        0.3,
        0.4,
        0.5,
        0.6,
        0.7,
        0.8,
        0.9,
        1.0
      ],
      "mse_v": [
        0.05031163453384811,
        0.04685265009231635,
        0.04368696472625264,
        0.041921360441678934,
        0.042298349125680056,
        0.044247678397249336,
        0.0450149482716702,
        0.04048648243681663,
        0.029930911283312454,
        0.022632391407561257,
        0.033599170995032505
      ],
      "cond": [
        5.673183437593096,
        5.769617837997959,
        5.855923512033125,
        5.894589014520029,
        5.840369095825556,
        5.646280792729864,
        5.274818773000354,
        4.7148658794005565,
        4.001943976257347,
        3.229573198495664,
        2.5249069013900423
      ],
      "alpha_star": 0.9,
      "mse_at_star": 0.022632391407561257
    }
  },
  "seed": 2026,
  "N_OBS": 1500,
  "prop_scales": [
    0.3,
    0.4
  ]
}